negeri,namasekolah,link
JOHOR,SEKOLAH MENENGAH KEBANGSAAN SERI LALANG,https://drive.google.com/file/d/1ew67ZNqKZNJqbcpnZd3gkB8LvTRTOuY4/view?usp=drivesdk
JOHOR,SEKOLAH MENENGAH KEBANGSAAN AGAMA SEGAMAT,https://drive.google.com/file/d/1GloYdf4J-zvlbJ2q4IMvqxfUrhyj2zpR/view?usp=drivesdk
JOHOR,SEKOLAH MENENGAH KEBANGSAAN BANDAR T6,https://drive.google.com/file/d/1SOseE4IdyFsUWwvRQ6cfOjmoNhvAQD3C/view?usp=drivesdk
JOHOR,SEKOLAH KEBANGSAAN TAMAN CENDANA,https://drive.google.com/file/d/16OJGHBJITrpYLTAJRZKLfZlTyEc3ntk_/view?usp=drivesdk
JOHOR,SEKOLAH KEBANGSAAN SRI TEBRAU,https://drive.google.com/file/d/1IFrAmoSzk_C5iHwsKLim6SrIwIdjTm7D/view?usp=drivesdk
JOHOR,SEKOLAH MENENGAH KEBANGSAAN SENAI,https://drive.google.com/file/d/1LxeFVUhduL7xv9v0zh8lIcwzRRaUOhtS/view?usp=drivesdk
JOHOR,SEKOLAH KEBANGSAAN PEKAN BAHARU,https://drive.google.com/file/d/1NNl1PVR5gBQoFlmMGNsqkdzW6XMQBrT-/view?usp=drivesdk
JOHOR,SEKOLAH KEBANGSAAN KAMPONG MELAYU,https://drive.google.com/file/d/1NQcScH_xMKBLfPvM6uD_leXRI9cZH22k/view?usp=drivesdk
JOHOR,SEKOLAH MENENGAH KEBANGSAAN BANDAR TENGGARA,https://drive.google.com/file/d/1TUfEVeLjZFD-tEMIqZ2X0oftA5Oq-LCI/view?usp=drivesdk
JOHOR,SEKOLAH MENENGAH KEBANGSAAN INDAHPURA 1 KULAI,https://drive.google.com/file/d/1lzKv5LCsq_tzySKXZEdsOUgFPdemQa9Y/view?usp=drivesdk
JOHOR,SEKOLAH MENENGAH KEBANGSAAN PALOH JOHOR,https://drive.google.com/file/d/1mPDQZgGoMoWIHHBp4Q-N9Z6ZqJMRzgIE/view?usp=drivesdk
JOHOR,SEKOLAH MENENGAH KEBANGSAAN SENGGARANG,https://drive.google.com/file/d/1qmacd4TfUcOmWYdD6wFdn-Akxs5Jk5Bk/view?usp=drivesdk
JOHOR,SEKOLAH MENENGAH PENDIDIKAN KHAS VOKASIONAL INDAHPURA,https://drive.google.com/file/d/1XfFn_dJkUHYDNujGOUVyEGb8EWYW-gkQ/view?usp=drivesdk
JOHOR,SEKOLAH KEBANGSAAN LKTP AYER HITAM,https://drive.google.com/file/d/16Y8SS0Omg1GcUT7vnJzN3L4VKdVv_9iW/view?usp=drivesdk
JOHOR,SEKOLAH MENENGAH KEBANGSAAN DATO HJ HASSAN YUNOS,https://drive.google.com/file/d/19Bp5a7cqeDh6YIiq6zaW_0j7cYu6PjYK/view?usp=drivesdk
JOHOR,SEKOLAH KEBANGSAAN KG DATO IBRAHIM MAJID,https://drive.google.com/file/d/1CUgqGbA6l54gT91rxAz5H4ziHYH5L2xi/view?usp=drivesdk
JOHOR,SEKOLAH MENENGAH KEBANGSAAN TAMAN SELESA JAYA 2,https://drive.google.com/file/d/1DTH36wo0hxKm4RBD-Ld-XLsTVjVtf1wY/view?usp=drivesdk
JOHOR,SEKOLAH MENENGAH KEBANGSAAN MUTIARA RINI,https://drive.google.com/file/d/1HchViYJlfUAKouxxGMLDdIlADIgzPjwz/view?usp=drivesdk
JOHOR,SEKOLAH MENENGAH KEBANGSAAN BANDAR PUTRA KULAI,https://drive.google.com/file/d/1IshzAMnuE0G-YCPFqb1eWbaI3ZNfi1uK/view?usp=drivesdk
JOHOR,SEKOLAH MENENGAH KEBANGSAAN P TEMENGGONG IBRAHIM,https://drive.google.com/file/d/1JSY0Qz2voNiaLWlVTW92Z7_ExzB3ji_A/view?usp=drivesdk
JOHOR,SEKOLAH KEBANGSAAN FELDA ULU PENGGELI,https://drive.google.com/file/d/1LGx3-t5qHP34rrpFdbj8AAkHDij9P6pA/view?usp=drivesdk
JOHOR,SEKOLAH KEBANGSAAN TAMAN DAMANSARA ALIFF,https://drive.google.com/file/d/1QkBpVgCDL051w9tm1ddrSZAYI26zJFK_/view?usp=drivesdk
JOHOR,SEKOLAH MENENGAH KEBANGSAAN SERI KENANGAN,https://drive.google.com/file/d/1Ru1jJevcuXbN7Z0YlAXLeU-h9pZiVAAY/view?usp=drivesdk
JOHOR,SEKOLAH MENENGAH KEBANGSAAN TAMAN MUTIARA RINI 2,https://drive.google.com/file/d/1bycy_L66PQxK6Nm-AgJIYGPq4iZh3HHL/view?usp=drivesdk
JOHOR,SEKOLAH MENENGAH SAINS JOHOR,https://drive.google.com/file/d/1iAM_PeVtpufYMv0N7MxD8qsahf6u22Hs/view?usp=drivesdk
JOHOR,SEKOLAH KEBANGSAAN SRI LABIS,https://drive.google.com/file/d/1j4MgtrDDIum0TSPCfXjmoKP1lkAOms66/view?usp=drivesdk
JOHOR,SEKOLAH MENENGAH KEBANGSAAN SULTAN ISMAIL,https://drive.google.com/file/d/1jadOETRcaVHPAqQIb534ERqvjWbjVJiC/view?usp=drivesdk
JOHOR,SEKOLAH MENENGAH KEBANGSAAN DATO SYED ESA,https://drive.google.com/file/d/1l4p041UTfwop_wT1rdI2HHRaNo1QEywR/view?usp=drivesdk
JOHOR,SEKOLAH MENENGAH KEBANGSAAN P TEMENGGONG IBRAHIM,https://drive.google.com/file/d/1qjxlixnj_1_ladf-wIlsl1rdgzbxDemY/view?usp=drivesdk
JOHOR,SEKOLAH KEBANGSAAN SERI PANTAI,https://drive.google.com/file/d/1t3ngf0Kgnqh5pFW7mUdOm1EVBspVUOOT/view?usp=drivesdk
JOHOR,SEKOLAH KEBANGSAAN JALAN YUSOF,https://drive.google.com/file/d/1yAkcC1YdVHtA6m2ZwwxXqG497zdtRRf7/view?usp=drivesdk
JOHOR,SEKOLAH KEBANGSAAN FELCRA SUNGAI ARA,https://drive.google.com/file/d/1IfQH9TdCRG9O1FIgRgrVZFsRcxzUekgr/view?usp=drivesdk
JOHOR,SEKOLAH KEBANGSAAN SAINT JOSEPH,https://drive.google.com/file/d/1UxxD0ZlNygv9l7mkmrZi8VOdgGPoOVSY/view?usp=drivesdk
JOHOR,SEKOLAH MENENGAH KEBANGSAAN MUNSHI IBRAHIM,https://drive.google.com/file/d/1ao43PXuj6hmLzezF4WwLPxbQ3a0jySGx/view?usp=drivesdk
JOHOR,SEKOLAH KEBANGSAAN LENGA,https://drive.google.com/file/d/1kDw7t2YaAnPzjW3KMDFrfbvD6HaG_p9j/view?usp=drivesdk
JOHOR,SEKOLAH MENENGAH KEBANGSAAN TINGGI BATU PAHAT,https://drive.google.com/file/d/1oEU6eUvK9kAsfIXv4ve0SfKsY5uUco7Z/view?usp=drivesdk
NEGERI SEMBILAN,SEKOLAH MENENGAH KEBANGSAAN PANCHOR,https://drive.google.com/file/d/1FsFXoMopB9V5n68n1tmarYfRKwvq0eji/view?usp=drivesdk
NEGERI SEMBILAN,SEKOLAH MENENGAH KEBANGSAAN BANDAR BARU SRI SENDAYAN,https://drive.google.com/file/d/1m4SMSBxv5JLyZVqV60x6ZfXHJjuAldDK/view?usp=drivesdk
NEGERI SEMBILAN,SEKOLAH MENENGAH KEBANGSAAN TAMAN TUANKU JAAFAR,https://drive.google.com/file/d/1Khax7MWf5hvPYje7pWmrN_h-rVX0ce2o/view?usp=drivesdk
NEGERI SEMBILAN,SEKOLAH MENENGAH SAINS TUANKU MUNAWIR,https://drive.google.com/file/d/1U2VbzhbPkYeRdLDmtGoin6jeVxguI7uc/view?usp=drivesdk
NEGERI SEMBILAN,SEKOLAH MENENGAH KEBANGSAAN INTAN PERDANA,https://drive.google.com/file/d/1cQCNtKuYiRM9hBfJOnM7HGbTjfRSwfhk/view?usp=drivesdk
NEGERI SEMBILAN,SEKOLAH KEBANGSAAN DATUK AKHIR ZAMAN,https://drive.google.com/file/d/1fNTiWTF7U5vIvDMX-2H_ZBS6xHO4TBRC/view?usp=drivesdk
NEGERI SEMBILAN,SEKOLAH MENENGAH KEBANGSAAN PUTERI,https://drive.google.com/file/d/1qH7GMlAlJwdMcYHjAH9twgqV2guJRJ4t/view?usp=drivesdk
NEGERI SEMBILAN,SEKOLAH KEBANGSAAN PORT DICKSON,https://drive.google.com/file/d/14O8jHu8WGtwRD-CCq3kvQOyr2p_CuMnr/view?usp=drivesdk
NEGERI SEMBILAN,SEKOLAH MENENGAH KEBANGSAAN AGAMA SHEIKH HJ MOHD SAID,https://drive.google.com/file/d/1ero3Y_xDmo6crrglj0SxH1PUtq6-qffT/view?usp=drivesdk
NEGERI SEMBILAN,SEKOLAH MENENGAH KEBANGSAAN FELDA LUI BARAT,https://drive.google.com/file/d/1vgnDqIpY9-66Ef77nLCjST9afIThjDxP/view?usp=drivesdk
NEGERI SEMBILAN,KOLEJ TUNKU KURSHIAH,https://drive.google.com/file/d/12a09pP16SZiuTKJqi-KrgQSER8GuBGPD/view?usp=drivesdk
NEGERI SEMBILAN,SEKOLAH KEBANGSAAN JIMAH BARU,https://drive.google.com/file/d/1kVn9BbH2sXZRuiuMaASWv4BwATwYrMCo/view?usp=drivesdk
NEGERI SEMBILAN,SEKOLAH KEBANGSAAN TAMAN SERI PAGI,https://drive.google.com/file/d/1wwkrQNFexMwPS0WgQRjhlhACPFEIAEdi/view?usp=drivesdk
NEGERI SEMBILAN,SEKOLAH MENENGAH KEBANGSAAN KING GEORGE V,https://drive.google.com/file/d/1d_ZujxBkHaMhUuCi7ClCRnuOPPDvk_Jj/view?usp=drivesdk
NEGERI SEMBILAN,SEKOLAH KEBANGSAAN WAWASAN SEREMBAN 2,https://drive.google.com/file/d/12TLCG-5ejiz5qgjqA3Nff99FIkzZr9Ba/view?usp=drivesdk
NEGERI SEMBILAN,SEKOLAH KEBANGSAAN PANGLIMA ADNAN,https://drive.google.com/file/d/1DlOJhfWLYc43TxF7JY3jTp6ZkyRJuPeU/view?usp=drivesdk
NEGERI SEMBILAN,SEKOLAH MENENGAH KEBANGSAAN ST PAUL,https://drive.google.com/file/d/1VZ4Ci0x5H8yQZFQfwxohSs8jVXXZduVY/view?usp=drivesdk
NEGERI SEMBILAN,SEKOLAH MENENGAH KEBANGSAAN BUKIT KEPAYANG,https://drive.google.com/file/d/1_cQWf37UAHtETidN_pBHrMrBxmbxwiLO/view?usp=drivesdk
NEGERI SEMBILAN,SEKOLAH MENENGAH KEBANGSAAN JELAI,https://drive.google.com/file/d/1iLKYrLhf0Bh9RZpkCxAXuFs5xrqek1_B/view?usp=drivesdk
NEGERI SEMBILAN,SEKOLAH MENENGAH SAINS REMBAU,https://drive.google.com/file/d/1-e63h6DdNKNLLUqBWKXKYH9F-16Aj0J2/view?usp=drivesdk
NEGERI SEMBILAN,SEKOLAH KEBANGSAAN KING GEORGE V,https://drive.google.com/file/d/1sS_vsbvVFvnUN6w0YG-D6kQ96xBKa_C6/view?usp=drivesdk
NEGERI SEMBILAN,SEKOLAH KEBANGSAAN TUNKU KURSHIAH,https://drive.google.com/file/d/14iVLVomsAV0e1sS4eLkaY4Ucozsz6rEZ/view?usp=drivesdk
NEGERI SEMBILAN,SEKOLAH MENENGAH KEBANGSAAN BATU KIKIR MODEL KHAS,https://drive.google.com/file/d/16mGem8aKwUCbnbcKEtTEB9xcsqdKJyZ5/view?usp=drivesdk
NEGERI SEMBILAN,SEKOLAH KEBANGSAAN SERTING ULU,https://drive.google.com/file/d/1Lzw3XmGQ3jvUCf47YeiPrN4rOlz1-Db_/view?usp=drivesdk
NEGERI SEMBILAN,SEKOLAH KEBANGSAAN INTAN PERDANA,https://drive.google.com/file/d/1NqTlhyXzU7LkvAS1hJDMqLScEzNv4hJq/view?usp=drivesdk
NEGERI SEMBILAN,SEKOLAH MENENGAH AGAMA TELOK KEMANG,https://drive.google.com/file/d/1Zgi8U8d4dEodl5F9wFN02hNZ-pHK01E-/view?usp=drivesdk
NEGERI SEMBILAN,SEKOLAH KEBANGSAAN DATO KLANA PUTRA,https://drive.google.com/file/d/1bQztOonKxmVjeWOcJ42fppGLj8Sqergr/view?usp=drivesdk
NEGERI SEMBILAN,SEKOLAH MENENGAH KEBANGSAAN AGAMA DATO HAJI ABU HASSAN HAJI SAIL,https://drive.google.com/file/d/1f7xSq1fXgdQrydAE2C_VcmZgJjb_-y9b/view?usp=drivesdk
NEGERI SEMBILAN,SEKOLAH KEBANGSAAN SEREMBAN 2A,https://drive.google.com/file/d/1qnRc70clGzjsaOWJJ__8yegAIzQJz9D6/view?usp=drivesdk
NEGERI SEMBILAN,SEKOLAH MENENGAH KEBANGSAAN DATUK HAJI ABDUL SAMAD,https://drive.google.com/file/d/1vXeUpwcFH-AuAAjSAFTRrRX7MWBMxvVq/view?usp=drivesdk
NEGERI SEMBILAN,SEKOLAH JENIS KEBANGSAAN CINA CHUAH,https://drive.google.com/file/d/14h_V0I7xL8AeBiWBcjzY10IJC1H11gvM/view?usp=drivesdk
NEGERI SEMBILAN,SEKOLAH KEBANGSAAN TELOK KEMANG,https://drive.google.com/file/d/17YtEFoROxy5ltwkZGk-wPhSxKJpXulaL/view?usp=drivesdk
NEGERI SEMBILAN,SEKOLAH MENENGAH AGAMA CHUAH,https://drive.google.com/file/d/1CTbr8qEA8wS2HYozGQwkqOc7Pgi509az/view?usp=drivesdk
NEGERI SEMBILAN,SEKOLAH KEBANGSAAN KERU,https://drive.google.com/file/d/1n4y2qO3_ZX8192rFIAKxNhYLTGb3jJTa/view?usp=drivesdk
MELAKA,SEKOLAH MENENGAH SAINS MUZAFFAR SHAH,https://drive.google.com/file/d/1HszTkvD09CImLyNVsup-r4ykWyRCV1oH/view?usp=drivesdk
MELAKA,SEKOLAH MENENGAH KEBANGSAAN DATUK BENDAHARA,https://drive.google.com/file/d/1YhP1WCaTHjkKryNVzU2pVORm_TgBGRDP/view?usp=drivesdk
MELAKA,SEKOLAH KEBANGSAAN DATO DEMANG HUSSIN,https://drive.google.com/file/d/1d3Iw4vFxoxqyDH5MOXrc3bgd-6fkKOM3/view?usp=drivesdk
MELAKA,SEKOLAH MENENGAH KEBANGSAAN DATO HAJI TALIB KARIM,https://drive.google.com/file/d/160zMyBnWo2KNTZjd9zp9ovHNsbWuTj8h/view?usp=drivesdk
MELAKA,SEKOLAH MENENGAH KEBANGSAAN DATO ABDUL RAHMAN YAKUB,https://drive.google.com/file/d/1LEC2q6FN4dxzu91WvqZawhY9YAv6WxaC/view?usp=drivesdk
MELAKA,SEKOLAH KEBANGSAAN KEM GERAKHAS,https://drive.google.com/file/d/1MAPrREzcTkKKhK3oqxzZi4FTcc3IFQGI/view?usp=drivesdk
MELAKA,SEKOLAH MENENGAH KEBANGSAAN KRUBONG,https://drive.google.com/file/d/1xFl5rjpQySdHIIHCdAETv9rqyKWjUMMT/view?usp=drivesdk
MELAKA,SEKOLAH MENENGAH KEBANGSAAN NANING,https://drive.google.com/file/d/1GieV7Bbpz_JOlG3bHXCQeeVgMrIvfNot/view?usp=drivesdk
MELAKA,SEKOLAH KEBANGSAAN RAMUAN CHINA BESAR,https://drive.google.com/file/d/1-kt1IFGuyJbhJT7cPGBITOAecwx19o9Q/view?usp=drivesdk
MELAKA,SEKOLAH MENENGAH KEBANGSAAN SUNGAI RAMBAI,https://drive.google.com/file/d/18K4sSRLRledvl9w5Qsb_oT76ATdbOhRC/view?usp=drivesdk
MELAKA,SEKOLAH MENENGAH KEBANGSAAN DANG ANUM,https://drive.google.com/file/d/1AA35Z84xLxm6Q9wmmdZWa2avJwsTOIEQ/view?usp=drivesdk
MELAKA,SEKOLAH MENENGAH JENIS KEBANGSAAN CINA YOK BIN,https://drive.google.com/file/d/1CfOZaRljnXuCx4SAcOjirx8JwR7ngOO7/view?usp=drivesdk
MELAKA,SEKOLAH MENENGAH KEBANGSAAN SULTAN MANSOR SHAH,https://drive.google.com/file/d/1HbEXDNUIgQ3ePWbkoop4uSJhWVOrlWKS/view?usp=drivesdk
MELAKA,SEKOLAH MENENGAH KEBANGSAAN GHAFAR BABA,https://drive.google.com/file/d/1NoG26UiY5wOZuUF1R4gGhs4sHl_BpD0U/view?usp=drivesdk
MELAKA,SEKOLAH KEBANGSAAN ALAI,https://drive.google.com/file/d/1aQRXTOOEJNFPdlSup8EyJO76t5qXl_ZQ/view?usp=drivesdk
MELAKA,SEKOLAH KEBANGSAAN MERLIMAU,https://drive.google.com/file/d/1cXIwEedBUA5SxtZGZTpeU5lq3x0LVjvb/view?usp=drivesdk
MELAKA,SEKOLAH KEBANGSAAN LIMBONGAN,https://drive.google.com/file/d/1dYZrSye-Q6cmuLFc5s9UHjWBkHNRZMW3/view?usp=drivesdk
MELAKA,SEKOLAH MENENGAH SAINS ALOR GAJAH,https://drive.google.com/file/d/1hVzJaVHJBlnFhQbhHp4cblwjOYtgxAoR/view?usp=drivesdk
MELAKA,SEKOLAH MENENGAH KEBANGSAAN TINGGI ST DAVID,https://drive.google.com/file/d/1kQ521k-eUUxuJ9mhNebMlsVy53BGKWzJ/view?usp=drivesdk
MELAKA,SEKOLAH JENIS KEBANGSAAN CINA BUKIT BERUANG,https://drive.google.com/file/d/1mnrvKRhNfuAQtIEz27Tj8fxVWP_-tXr_/view?usp=drivesdk
MELAKA,MRSM TUN GHAFAR BABA,https://drive.google.com/file/d/1zmlXlEw7YHl0eMkxoRnyNst9ef_NLgZl/view?usp=drivesdk
MELAKA,SEKOLAH MENENGAH KEBANGSAAN DURIAN TUNGGAL,https://drive.google.com/file/d/1fxTn36WucFwAi5_-gv5DRllwdtogcNEG/view?usp=drivesdk
MELAKA,SEKOLAH JENIS KEBANGSAAN CINA PAY YAP,https://drive.google.com/file/d/1hn1DA1yJm74vwHBO8LKHA34U_4KxMeoO/view?usp=drivesdk
MELAKA,SEKOLAH KEBANGSAAN CHINCHIN,https://drive.google.com/file/d/115VtZ3r66cAq0RMGymuztq48-r_rSDIf/view?usp=drivesdk
MELAKA,SEKOLAH KEBANGSAAN LEREH,https://drive.google.com/file/d/13Pv_JmLIxtPKdFi-aIj70etbk4o_Fj4W/view?usp=drivesdk
MELAKA,SEKOLAH KEBANGSAAN TAMAN BUKIT RAMBAI,https://drive.google.com/file/d/1lXIBt015QXfwx6R5xF1WQqi0YTN_UgTQ/view?usp=drivesdk
MELAKA,SEKOLAH KEBANGSAAN BUKIT TEMBAKAU,https://drive.google.com/file/d/1nEixPg96VpUShW3JqQApCnW2bqUXdhkD/view?usp=drivesdk
MELAKA,SEKOLAH KEBANGSAAN TEBONG,https://drive.google.com/file/d/1oPafk65DPMrEcq00ulv1tDT1YLplal95/view?usp=drivesdk
WP PUTRAJAYA,SEKOLAH KEBANGSAAN PUTRAJAYA PRESINT 181,https://drive.google.com/file/d/1UXKApY4FAvypUUp0YtwX4VmsCFb15O2d/view?usp=drivesdk
WP PUTRAJAYA,SEKOLAH KEBANGSAAN PUTRAJAYA PRESINT 91,https://drive.google.com/file/d/1hQeKv46i9RqTS9gzOcPgABe1p8QyPc_8/view?usp=drivesdk
WP PUTRAJAYA,SEKOLAH KEBANGSAAN PUTRAJAYA PRESINT 92,https://drive.google.com/file/d/14t-YacMcfgEz3DuivEyrBr4ymIghOL_c/view?usp=drivesdk
WP PUTRAJAYA,SEKOLAH KEBANGSAAN PUTRAJAYA 91,https://drive.google.com/file/d/1ZJE210lCUV-EddWHLnmVFNqPVxRZfWvR/view?usp=drivesdk
WP KUALA LUMPUR,SMA MAJLIS AGAMA ISLAM WILAYAH PERSEKUTUAN,https://drive.google.com/file/d/1gZCeOr0Vn5nMSr6Kl3y4ZKM8vxYfOJdL/view?usp=drivesdk
WP KUALA LUMPUR,SEKOLAH KEBANGSAAN TAMAN SEGAR,https://drive.google.com/file/d/1qwmXX-lM93ZD2VbC8zTg_por5xt2xMuX/view?usp=drivesdk
WP KUALA LUMPUR,SEKOLAH KEBANGSAAN JALAN PEEL,https://drive.google.com/file/d/16ksXjq8aXniBzdMbKtEyRa8akX8g4S1U/view?usp=drivesdk
WP KUALA LUMPUR,SEKOLAH MENENGAH KEBANGSAAN AGAMA KUALA LUMPUR,https://drive.google.com/file/d/1E7RUzO-P6p3HpM74D8DxZvE3kncMOC0U/view?usp=drivesdk
WP KUALA LUMPUR,ST JOHNS INSTITUTION,https://drive.google.com/file/d/1et_DHyxKWRNDBGQKl4MLN6nApSuOxjZF/view?usp=drivesdk
WP KUALA LUMPUR,SEKOLAH MENENGAH KEBANGSAAN BANDAR TASIK SELATAN,https://drive.google.com/file/d/1pz7yz_W-4yShc9mTIbPO0jRDJZZ1_6I9/view?usp=drivesdk
WP KUALA LUMPUR,SEKOLAH JENIS KEBANGSAAN TAMIL FLETCHER,https://drive.google.com/file/d/1Q8OakUZXm3kmzgcu813Y65E-ZieGZJaJ/view?usp=drivesdk
WP KUALA LUMPUR,SEKOLAH MENENGAH KEBANGSAAN SEGAMBUT JAYA,https://drive.google.com/file/d/12qk31xs4GA_p8v3Bb-Z02T24kizA028R/view?usp=drivesdk
WP KUALA LUMPUR,SEKOLAH MENENGAH KEBANGSAAN TAMAN DESA,https://drive.google.com/file/d/1aPdc18iWeGkztRrqqr4yiEVCn_eK1pWx/view?usp=drivesdk
WP KUALA LUMPUR,SEKOLAH MENENGAH JENIS KEBANGSAANCINACHONG HWA KUALA LUMPUR,https://drive.google.com/file/d/1hJ3yiERG_yE9xEHAKUqvl6Apyz_fydcp/view?usp=drivesdk
WP KUALA LUMPUR,SEKOLAH MENENGAH KEBANGSAAN WANGSA MAJU SEKSYEN 2,https://drive.google.com/file/d/132dqHs41tiapWhMaocyUq_zPD6pkDd3d/view?usp=drivesdk
WP KUALA LUMPUR,SEKOLAH MENENGAH KEBANGSAAN P BANDARAYA,https://drive.google.com/file/d/1J26wZPwXh5YjSL6sETE0gyXQ6E3ylhAb/view?usp=drivesdk
WP KUALA LUMPUR,SEKOLAH KEBANGSAAN JALAN GURNEY 2,https://drive.google.com/file/d/1PkIWSCqVHBs3owCwiuXnIFtyHrig2H3v/view?usp=drivesdk
WP KUALA LUMPUR,SEKOLAH JENIS KEBANGSAAN TAMIL LADANG EDINBURGH,https://drive.google.com/file/d/1k8LtJq7muAR4gEycxQnEVL-HmAAM5Yd0/view?usp=drivesdk
WP KUALA LUMPUR,SEKOLAH MENENGAH KEBANGSAAN SERI BINTANG UTARA,https://drive.google.com/file/d/1piMrjeezkir524MJebdkqBPrRVDF50mF/view?usp=drivesdk
WP KUALA LUMPUR,SEKOLAH MENENGAH TEKNIK KUALA LUMPUR,https://drive.google.com/file/d/1q2l9wIQj3WqY_DY7Sta_Ai5Q-YI5LQnr/view?usp=drivesdk
WP KUALA LUMPUR,SEKOLAH KEBANGSAAN POLIS DEPOT,https://drive.google.com/file/d/1xJkQOPP7fd6c0tkQ09rUlJKVX53Qlw1b/view?usp=drivesdk
SELANGOR,SEKOLAH MENENGAH SAINS BANTING,https://drive.google.com/file/d/1XojnW4o_eCJUU7MItQtEreUYM-u61-8U/view?usp=drivesdk
SELANGOR,SEKOLAH KEBANGSAAN TAMAN EHSAN,https://drive.google.com/file/d/1-B9ceQImEPB3yD-yLwdfXkLBz3RNnULZ/view?usp=drivesdk
SELANGOR,SEKOLAH KEBANGSAAN CYBERJAYA,https://drive.google.com/file/d/1DuA5z5-P3TLk3Hn41tCWKQkQbc6FKxAk/view?usp=drivesdk
SELANGOR,SEKOLAH MENENGAH KEBANGSAAN BANDAR TUN HUSSEIN ONN 2,https://drive.google.com/file/d/1TLpX0skKeORQKwJ8q9tw35C37i9mQki1/view?usp=drivesdk
SELANGOR,SEKOLAH MENENGAH KEBANGSAAN TAMAN BUNGA RAYA 1,https://drive.google.com/file/d/1ZGmfjMaa1NzZaJHWQjksrCb-9_8l8rUz/view?usp=drivesdk
SELANGOR,SEKOLAH KEBANGSAAN BANDAR BARU BANGI,https://drive.google.com/file/d/1cjblKCZR-vRd-aYmy3leVjDhifLAMDEI/view?usp=drivesdk
SELANGOR,SEVEN SKIES ISLAMIC INTERNATIONAL SCHOOL,https://drive.google.com/file/d/1fFBGkrnFA1_JQGkGnU2URz_VfD4RWvq1/view?usp=drivesdk
SELANGOR,SEKOLAH KEBANGSAAN TAMAN TUN DR ISMAIL JAYA,https://drive.google.com/file/d/1klYwGjrIB38B9op0osjrCMzfNlnWILma/view?usp=drivesdk
SELANGOR,SEKOLAH KEBANGSAAN DOKTOR ABDUL LATIFF,https://drive.google.com/file/d/1y_fDrgUo1yPPqzzk2tAe_kFzJPDWOdfa/view?usp=drivesdk
SELANGOR,MAVERICK INTERNATIONAL SECONDARY SCHOOL SELANGOR,https://drive.google.com/file/d/141ipBvgiGx0b2aqJbzTsQ3v5KRD1qDf8/view?usp=drivesdk
SELANGOR,SEKOLAH MENENGAH KEBANGSAAN TAMAN SRI MUDA,https://drive.google.com/file/d/16E4iMkkCpnwGL2xvaK3X1qOE8tFTY9hg/view?usp=drivesdk
SELANGOR,SEKOLAH MENENGAH KEBANGSAAN SERI SERDANG,https://drive.google.com/file/d/1RCvauAT6XAjFSArDEan2_kYXFkfWZ5DJ/view?usp=drivesdk
SELANGOR,SEKOLAH MENENGAH KEBANGSAAN TAMAN TASIK,https://drive.google.com/file/d/1bdBiBrTH95cAYFAOgdBVLuYnvJc1y7-J/view?usp=drivesdk
SELANGOR,SEKOLAH MENENGAH KEBANGSAAN TAMAN MELAWATI,https://drive.google.com/file/d/1dBE2i23KFnHlW9UaUAoLKW1f14hvLmH7/view?usp=drivesdk
SELANGOR,SEVEN SKIES INTERNATIONAL,https://drive.google.com/file/d/1i_lvPEhH7cTBcc3j9elIeRL59P4DusDV/view?usp=drivesdk
SELANGOR,SEKOLAH MENENGAH KEBANGSAAN BANDAR BARU SALAK TINGGI,https://drive.google.com/file/d/1m08QbRO8mN5sgGCuSZletSOUWL5QhIFI/view?usp=drivesdk
SELANGOR,SEKOLAH MENENGAH KEBANGSAAN SELAYANG BHARU,https://drive.google.com/file/d/1pA_wiGlc8w3x9Ee76DcyyLnuPxp5uH5_/view?usp=drivesdk
SELANGOR,SEKOLAH KEBANGSAAN SUNGAI KANTAN,https://drive.google.com/file/d/1tiPQmKiZLX_GV0oLQTnW9kA1MHMu7AXD/view?usp=drivesdk
SELANGOR,SEKOLAH KEBANGSAAN SUNGAI LIMAU,https://drive.google.com/file/d/1uY5s8KnDfl0eBrgUiJiLiDJz2305x-tL/view?usp=drivesdk
SELANGOR,SEKOLAH MENENGAH KEBANGSAAN JALAN EMPAT,https://drive.google.com/file/d/1x4K0cPk7SUR8iaVsLa58n4zzs6_W9fAo/view?usp=drivesdk
SELANGOR,SEKOLAH KEBANGSAAN BANDAR TUN HUSSEIN ONN 2,https://drive.google.com/file/d/1c5FimFrrNs1boP4vKunNhhK-whT8qMPZ/view?usp=drivesdk
SELANGOR,SEKOLAH KEBANGSAAN TTDI JAYA,https://drive.google.com/file/d/1y_X76zM_GUBDNax5h3yLuVX7eheMCUE1/view?usp=drivesdk
PERAK,SEKOLAH MENENGAH KEBANGSAAN JALAN TASEK,https://drive.google.com/file/d/1QdZagFDwZjTZKj0drWpMQkB484BaASTA/view?usp=drivesdk
PERAK,SEKOLAH MENENGAH KEBANGSAAN AMINUDDIN BAKI,https://drive.google.com/file/d/1ayEgOij-8UpNIFCfytFjYajFKdeDxj4x/view?usp=drivesdk
PERAK,SEKOLAH MENENGAH KEBANGSAAN FELDA BESOUT,https://drive.google.com/file/d/10P-xhelAhbMFpWybUn2z1WWntXD27xm8/view?usp=drivesdk
PERAK,SEKOLAH KEBANGSAAN BANGGOL JAS,https://drive.google.com/file/d/11ZKUEW-NelkE5Hy1jkn9kAlpRIA_HgGk/view?usp=drivesdk
PERAK,SEKOLAH KEBANGSAAN HUTAN MELINTANG,https://drive.google.com/file/d/1VWmGOzLn1IeRcf1GUuv4EI2aNDhkYkcD/view?usp=drivesdk
PERAK,SEKOLAH KEBANGSAAN BELURU,https://drive.google.com/file/d/1eWKfA9cmqEul1Z62KH08cYi3gBXScq-J/view?usp=drivesdk
PERAK,SEKOLAH KEBANGSAAN SUNGAI NIPAH,https://drive.google.com/file/d/1igc8sqoq-_gvFaqaPr6UBDQsYOfRlm9R/view?usp=drivesdk
PERAK,SEKOLAH KEBANGSAAN SUNGAI KELI,https://drive.google.com/file/d/1zB0_2cv06_W90z8elczZRl7Qw5-HnZ4T/view?usp=drivesdk
PERAK,SEKOLAH KEBANGSAAN KOTA SETIA,https://drive.google.com/file/d/1SQ_F8zyen_qwP4m5oE8ZcLfCAi69JKmD/view?usp=drivesdk
PERAK,SEKOLAH JENIS KEBANGSAAN TAMIL SLIM RIVER,https://drive.google.com/file/d/1XRQTRbZ-pkPEwlzMWwbMyT4HS1CegAGt/view?usp=drivesdk
PERAK,SEKOLAH KEBANGSAAN KAMPUNG BAHARU,https://drive.google.com/file/d/1dv__QbBEwT-oiXgmr6ept9TvDsny3w10/view?usp=drivesdk
PERAK,SEKOLAH KEBANGSAAN HAJI DAHLAN,https://drive.google.com/file/d/161SfAgCp0oGzGK3EkRrdGkETuXeBpk-L/view?usp=drivesdk
PERAK,SEKOLAH KEBANGSAAN POS BERSIH,https://drive.google.com/file/d/1Gb0YOaBnwNGkZPVlFws-XOsZtW6CIk9r/view?usp=drivesdk
PERAK,SEKOLAH KEBANGSAAN TANAH LALANG,https://drive.google.com/file/d/1Vfd2qOlJaV1IFajXHM26Rc8m9vO5nuIX/view?usp=drivesdk
PERAK,SEKOLAH KEBANGSAAN PANGKALAN TLDM,https://drive.google.com/file/d/1bn-XSRpFA6F0OpPPFS0C98Ml4ndsqd8C/view?usp=drivesdk
PERAK,SEKOLAH KEBANGSAAN BESOUT 4,https://drive.google.com/file/d/1oloaPra0QCbAFtTeRlnLEnbwiwMt4IIb/view?usp=drivesdk
KEDAH,SEKOLAH MENENGAH SAINS SULTAN MOHAMAD JIWA,https://drive.google.com/file/d/1_yItw9hs6RP5XagTOgeFjT0s9cQ7_K2W/view?usp=drivesdk
KEDAH,SEKOLAH MENENGAH KEBANGSAAN TUNKU ABD AZIZ,https://drive.google.com/file/d/1xeIzsxPuNk1GhhPRR7XWdETXrgyB1Hne/view?usp=drivesdk
KEDAH,SEKOLAH MENENGAH KEBANGSAAN IBRAHIM,https://drive.google.com/file/d/1NlmVpVidi5o_z1_QZ70ABzzywTtjUnIy/view?usp=drivesdk
KEDAH,SEKOLAH MENENGAH KEBANGSAAN DARUL AMAN HEIGHT 1,https://drive.google.com/file/d/1QlkzDcyeevRipJMThBoZFn1M4Gpk1sm0/view?usp=drivesdk
KEDAH,SEKOLAH MENENGAH PENDIDIKAN KHAS VOKASIONAL MERBOK,https://drive.google.com/file/d/1i0pnsRbjDY9U-vzqAQJ_qwXaK3jRjXoK/view?usp=drivesdk
KEDAH,SEKOLAH MENENGAH JENIS KEBANGSAAN CINA SIN MIN,https://drive.google.com/file/d/1ogDe46_EU3qKO4CeE4hbd89wLPFBhtkK/view?usp=drivesdk
KEDAH,SEKOLAH MENENGAH KEBANGSAAN TUNKU BENDAHARA,https://drive.google.com/file/d/1AIJZRIFZFCSVUfgqtyglqgzQPHc-g88s/view?usp=drivesdk
KEDAH,SEKOLAH MENENGAH KEBANGSAAN BANDAR PUTERI JAYA,https://drive.google.com/file/d/1C9GaVMp8Yh9-484yhkasvHjjSGEPwH5i/view?usp=drivesdk
KEDAH,MRSM BALING,https://drive.google.com/file/d/1Deu0p8-_AcvwVyIIr4HYZiutwuwTmIrf/view?usp=drivesdk
KEDAH,SEKOLAH KEBANGSAAN ISKANDAR,https://drive.google.com/file/d/1tgbnhaDpK1gOJzTImIflAKba7s9zArlI/view?usp=drivesdk
KEDAH,SEKOLAH JENIS KEBANGSAAN CINA HWA MIN,https://drive.google.com/file/d/1G2HFcvC_MH-BEkZabzELvfm96zU-xq9F/view?usp=drivesdk
KEDAH,SEKOLAH MENENGAH KEBANGSAAN SULTANAH BAHIYAH,https://drive.google.com/file/d/1kl0jKtNgPn8MZbXaFF5AkChlA4UgjEGm/view?usp=drivesdk
KEDAH,SEKOLAH KEBANGSAAN SRI LIMAU,https://drive.google.com/file/d/149bYdpb5IXviYTLbxhlFhWP6g0UfFcJ7/view?usp=drivesdk
KEDAH,SEKOLAH JENIS KEBANGSAAN CINA TAI TONG,https://drive.google.com/file/d/15LMdvb4dMwNXnrExroktvEgWPuE36ITQ/view?usp=drivesdk
KEDAH,SEKOLAH MENENGAH KEBANGSAAN TAMAN SELASIH,https://drive.google.com/file/d/16H0_v0HwHjZqS6P8UkRlOHmWq8FqzpYV/view?usp=drivesdk
KEDAH,SEKOLAH JENIS KEBANGSAAN TAMIL LADANG WELLESLEY,https://drive.google.com/file/d/1Asruowe2-JNZuKDjkjEwipNjvB-loSgW/view?usp=drivesdk
KEDAH,SEKOLAH KEBANGSAAN AMBANGAN HEIGHTS,https://drive.google.com/file/d/1Enw_oLvi4N7p31928PltRumXcDFiFfF5/view?usp=drivesdk
KEDAH,SEKOLAH KEBANGSAAN ALOR JANGGUS,https://drive.google.com/file/d/1GkzsACBPaOHQgnvmOJTb8jLMEAQrDoFV/view?usp=drivesdk
KEDAH,SEKOLAH MENENGAH KEBANGSAAN JUNJUNG,https://drive.google.com/file/d/1HXijdScmfryq91TgcIQBROLNxbuJgD9t/view?usp=drivesdk
KEDAH,SEKOLAH MENENGAH KEBANGSAAN KULIM,https://drive.google.com/file/d/1IqWMf1_GK7LjqRaG_kJyrFCWqa_3isjI/view?usp=drivesdk
KEDAH,SEKOLAH MENENGAH KEBANGSAAN PEDU,https://drive.google.com/file/d/1K8VeekNYI6AEFtMx_Xj_66kVbt72gItR/view?usp=drivesdk
KEDAH,SEKOLAH JENIS KEBANGSAAN CINA CHIO MIN A,https://drive.google.com/file/d/1bHJesMZLeoVFonUNTPIbrniokec3G04S/view?usp=drivesdk
KEDAH,SEKOLAH KEBANGSAAN KUALA MERAH,https://drive.google.com/file/d/1bIMymv9ozPBEQzrQ-Ct6uYuv7wMLPpp0/view?usp=drivesdk
KEDAH,SEKOLAH KEBANGSAAN IBRAHIM,https://drive.google.com/file/d/1cHYzzOx-Upvvl3zu_my8RUBT8q8nmFMN/view?usp=drivesdk
KEDAH,SEKOLAH MENENGAH KEBANGSAAN TAMAN MUTIARA,https://drive.google.com/file/d/1hs8ZrUIr6DiT5PuAIapeVHnqS9F7rite/view?usp=drivesdk
KEDAH,SEKOLAH JENIS KEBANGSAAN TAMIL LADANG HENRIETTA,https://drive.google.com/file/d/1zxggzOlq1VXYJidZSWkplQTSXbeDmCRE/view?usp=drivesdk
KEDAH,SEKOLAH KEBANGSAAN MERBOK PUSAT,https://drive.google.com/file/d/1I2n-zTuZaQ2ZIHPz4APPjO6h2LByWEhU/view?usp=drivesdk
KEDAH,SEKOLAH KEBANGSAAN KUALA KEDAH,https://drive.google.com/file/d/13lXqMw59fksYfHJsa2lMYaexr-a6LXt4/view?usp=drivesdk
KEDAH,SEKOLAH RENDAH ISLAM NURUL HIDAYAH PENGHULU ELANG,https://drive.google.com/file/d/16zdqtNv8iyHkjwdZz9bM_uDM2WIM2xzm/view?usp=drivesdk
KEDAH,SEKOLAH KEBANGSAAN KEDAWANG,https://drive.google.com/file/d/1EjeAp8yAeoKT7B6Lgx6EHItSymYzi2QM/view?usp=drivesdk
KEDAH,SEKOLAH KEBANGSAAN SIONG,https://drive.google.com/file/d/1N6ZUApbsxEgP6PEl660O4i_lffKe2Olp/view?usp=drivesdk
KEDAH,MAKTAB MAHMUD LANGKAWI,https://drive.google.com/file/d/1_IwSVWbH00ZPUtPTxCIpIgt-1Vm8D_QJ/view?usp=drivesdk
KEDAH,SEKOLAH MENENGAH KEBANGSAAN TANJONG PUTERI,https://drive.google.com/file/d/1oNf3mdet2VZjnycWSo76l8Z5eYDCIwl1/view?usp=drivesdk
KEDAH,SEKOLAH KEBANGSAAN SULTANAH ASMA,https://drive.google.com/file/d/1uDEfh4CRFOu2bVycbEwbDrjn4Mtdetmy/view?usp=drivesdk
PULAU PINANG,SEKOLAH MENENGAH SAINS TUN SYED SHEH SHAHABUDDIN,https://drive.google.com/file/d/1wrvrdYAWmsb8NBho6guNsCC2DbWcPwJC/view?usp=drivesdk
PULAU PINANG,SEKOLAH MENENGAH KEBANGSAAN DATUK HAJI AHMAD BADAWI,https://drive.google.com/file/d/1gN__2kQoo9sROQiYnLjvLpbKM1FZ9N87/view?usp=drivesdk
PULAU PINANG,SEKOLAH MENENGAH KEBANGSAAN AGAMA L ALMASHOOR,https://drive.google.com/file/d/1swhX9mAyTy7RJYRvSM7ALHJIlCdpzjIm/view?usp=drivesdk
PULAU PINANG,SEKOLAH KEBANGSAAN SUNGAI NIBONG,https://drive.google.com/file/d/1GRciOq7Kv_WtR8N6oHtkbqFBH0qlKUlm/view?usp=drivesdk
PULAU PINANG,SEKOLAH MENENGAH KEBANGSAAN PERMAI INDAH,https://drive.google.com/file/d/1X_lPAvoO-SQ4ipbB3HMT2q1xRvdvrPpp/view?usp=drivesdk
PULAU PINANG,SEKOLAH MENENGAH KEBANGSAAN PENANTI,https://drive.google.com/file/d/13WKqO5udmwS72R72MPhdxHa9dXfJKwas/view?usp=drivesdk
PULAU PINANG,SEKOLAH KEBANGSAAN SERI PENANTI,https://drive.google.com/file/d/1XT_wFUFAoMtie33NXzTh0_BTDBPf2db8/view?usp=drivesdk
PULAU PINANG,SEKOLAH JENIS KEBANGSAAN CINA KENG KOON,https://drive.google.com/file/d/1dveof6hz08YPOHgd6-CqdV1JJx7gcidD/view?usp=drivesdk
PULAU PINANG,SEKOLAH KEBANGSAAN MUTIARA PERDANA,https://drive.google.com/file/d/1s8NoiSsbEYcQEHs3apC6Ef1wqZ-OqINg/view?usp=drivesdk
PULAU PINANG,SEKOLAH MENENGAH KEBANGSAAN CHUNG LING BUTTERWORTH,https://drive.google.com/file/d/1IHxvMI_uacYFIe_KkhY8V8j9BqtuiBom/view?usp=drivesdk
PULAU PINANG,SEKOLAH JENIS KEBANGSAAN CINA LI TEK CAWANGAN,https://drive.google.com/file/d/10ODIuxNWExCP9mH93WTiHYf4FYSxgfNx/view?usp=drivesdk
PULAU PINANG,SEKOLAH MENENGAH KEBANGSAAN HENG EE,https://drive.google.com/file/d/10zpZVPPaoYFp8x0JBzvhRWkLfzPgViFi/view?usp=drivesdk
PULAU PINANG,SEKOLAH KEBANGSAAN SUNGAI DUA,https://drive.google.com/file/d/13rVV9cfaYjqXVIbJNlShRBn4JzE2fnst/view?usp=drivesdk
PULAU PINANG,SEKOLAH MENENGAH KEBANGSAAN PHOR TAY,https://drive.google.com/file/d/1AR5pPVc5A3_J136msNA7gWjubFWt0e-N/view?usp=drivesdk
PULAU PINANG,SEKOLAH KEBANGSAAN CONVENT BUTTERWORTH,https://drive.google.com/file/d/1D4JmPsGJ47KmGikXpn9zMOAE_UGYeLa2/view?usp=drivesdk
PULAU PINANG,SEKOLAH JENIS KEBANGSAAN CINA TRUE LIGHT,https://drive.google.com/file/d/1GqlBFdsFvvwGPQRl_fS77Wh7zMY0ODuA/view?usp=drivesdk
PULAU PINANG,SEKOLAH JENIS KEBANGSAAN CINA KWANG HWA,https://drive.google.com/file/d/1KvbJpDdWoMvH9QFXdfRui1FQApwTMGQ6/view?usp=drivesdk
PULAU PINANG,SEKOLAH MENENGAH KEBANGSAAN TELOK KUMBAR,https://drive.google.com/file/d/1xwZzso3jXGvptZXIMg5zOdpfAJPkh81v/view?usp=drivesdk
PULAU PINANG,SEKOLAH KEBANGSAAN STOWELL,https://drive.google.com/file/d/11VJgj9xS9NozYMgrZAUfG8ltH21Wdq4t/view?usp=drivesdk
PULAU PINANG,SEKOLAH KEBANGSAAN DESA MURNI,https://drive.google.com/file/d/1hJTlgHnvvuzt3uxErYO4bukR-GzdHMUf/view?usp=drivesdk
PERLIS,SMA AL MADRASAH AL ALAWIYAH AD DINIAH,https://drive.google.com/file/d/10lUDmWyzxPf0_DC9lr0hoVVYVqo251kx/view?usp=drivesdk
PERLIS,SEKOLAH MENENGAH KEBANGSAAN SYED AHMAD,https://drive.google.com/file/d/1qC_oCNiB0eMTaEkwwndiN__SwURJjAaX/view?usp=drivesdk
PERLIS,SEKOLAH KEBANGSAAN LONG BOH,https://drive.google.com/file/d/1xaKJcT20GNP-OHVDGMeHMdVAFeN_eHpj/view?usp=drivesdk
PERLIS,SEKOLAH RENDAH ISLAM 1,https://drive.google.com/file/d/1Jh_yat6h2RYE2IjWVP4YK3QuzXNrqmEt/view?usp=drivesdk
KELANTAN,SEKOLAH MENENGAH KEBANGSAAN KEROH,https://drive.google.com/file/d/18YQdOSAzHEuymACo6vD6--o2s0nWZc4P/view?usp=drivesdk
KELANTAN,SEKOLAH MENENGAH KEBANGSAAN PALOH KELANTAN,https://drive.google.com/file/d/1SVnwku_8h3H9V0qRoXoobgN0Bpt7_t_g/view?usp=drivesdk
KELANTAN,SEKOLAH KEBANGSAAN BUKIT JAWA,https://drive.google.com/file/d/1Uw2gAR18hKrSGriNxXNdA4G31VrcRCGX/view?usp=drivesdk
KELANTAN,SEKOLAH KEBANGSAAN BUKIT JAWA 2,https://drive.google.com/file/d/1iF6S_KQg2PgRMx-t7U_WxvEJx7qaarVG/view?usp=drivesdk
KELANTAN,SEKOLAH MENENGAH KEBANGSAAN SULTAN YAHYA PETRA 1,https://drive.google.com/file/d/1l1vHRN0wgzlDqIEjGEp6k-2gweZh_6Vg/view?usp=drivesdk
KELANTAN,SEKOLAH MENENGAH KEBANGSAAN DABONG,https://drive.google.com/file/d/1V7RS4uAJICrpWlcqMoRW-DfwsMp3trN6/view?usp=drivesdk
KELANTAN,SEKOLAH KEBANGSAAN BATU GAJAH,https://drive.google.com/file/d/1fSSjY1okmuqvX3OLBKS5XNQGNdDSHeX8/view?usp=drivesdk
KELANTAN,SEKOLAH JENIS KEBANGSAAN CINA KAI CHIH,https://drive.google.com/file/d/1uuQEUqSyN1t8h8SI4LC1_MVgjmxPhSui/view?usp=drivesdk
KELANTAN,KOLEJ VOKASIONAL PASIR MAS,https://drive.google.com/file/d/1-Ea-5cBu4XVTHko574xvHfGKyNF56k4A/view?usp=drivesdk
KELANTAN,SEKOLAH MENENGAH KEBANGSAAN BAROH PIAL,https://drive.google.com/file/d/1ZtojEY4gEKascDloFhCMgKJZsxy9M641/view?usp=drivesdk
KELANTAN,SEKOLAH KEBANGSAAN SULTAN YAHYA PETRA1,https://drive.google.com/file/d/165PiUVWgXibQf_JyCqzawRvX_UM3_OtY/view?usp=drivesdk
KELANTAN,SEKOLAH KEBANGSAAN SULTAN IBRAHIM 3,https://drive.google.com/file/d/1uQ9UPlwbUDw61J1Q08W6HYOAHXaMoH-z/view?usp=drivesdk
KELANTAN,SEKOLAH MENENGAH KEBANGSAAN KANDIS,https://drive.google.com/file/d/16_b4O7Xx3FP1p56hLN6pR7FwjxxXIk5u/view?usp=drivesdk
KELANTAN,SEKOLAH KEBANGSAAN BERIS KUBOR BESAR,https://drive.google.com/file/d/1G66PIRlgX790Znvb9SmlN6UkySN4CU9O/view?usp=drivesdk
KELANTAN,SEKOLAH KEBANGSAAN SRI WANGI 2,https://drive.google.com/file/d/1QqSH0JW0f1vuQ-eaWmt4PiXLjqubRXis/view?usp=drivesdk
KELANTAN,SEKOLAH KEBANGSAAN KUALA GERIS,https://drive.google.com/file/d/1_BAx9r3hJ2pwMGXsFG_s6zV8dKc2C9K4/view?usp=drivesdk
PAHANG,MRSM BENTONG,https://drive.google.com/file/d/1qHN4ac-JTT1Yw8H1d2OgkPr-zjsb6VDo/view?usp=drivesdk
PAHANG,SEKOLAH MENENGAH KEBANGSAAN SULAIMAN,https://drive.google.com/file/d/1InqBFYs23OQBEi8m3NK6u1loYgEl6SGE/view?usp=drivesdk
PAHANG,SEKOLAH KEBANGSAAN MELATI,https://drive.google.com/file/d/1eInC9VVvRIBOvsPRUGKyenfQmj7PS6tU/view?usp=drivesdk
PAHANG,SEKOLAH MENENGAH KEBANGSAAN KHAI MUN,https://drive.google.com/file/d/1wENf_OO9MyNqKNQQk615Df0VRuEWntHz/view?usp=drivesdk
PAHANG,SEKOLAH MENENGAH KEBANGSAAN KATHOLIK,https://drive.google.com/file/d/1BOEjelNb4Fx2ZTSWUIaBGdGtfm3kuh66/view?usp=drivesdk
PAHANG,SEKOLAH KEBANGSAAN BUKIT PIATU,https://drive.google.com/file/d/1axI9r12Tm8IOxZDSYGi36FK3b5CV2mge/view?usp=drivesdk
PAHANG,SEKOLAH KEBANGSAAN SUNGAI MARONG,https://drive.google.com/file/d/13DUgb7fXWsuUZxeSB3OwgcHsMA54j5AK/view?usp=drivesdk
PAHANG,SEKOLAH MENENGAH KEBANGSAAN BENTONG,https://drive.google.com/file/d/15ljTA-hoh8PIwx6vuzj_lMuCD0igTnLS/view?usp=drivesdk
PAHANG,SEKOLAH KEBANGSAAN FELDA MEMPAGA 2,https://drive.google.com/file/d/1OZdm5F837DvsCOp5faqNXSdhs-xnRNzD/view?usp=drivesdk
PAHANG,SEKOLAH KEBANGSAAN TERUNTUM,https://drive.google.com/file/d/16nTfFaDAl39_M58Uk7lZOSKaRz0_85ke/view?usp=drivesdk
PAHANG,SEKOLAH MENENGAH AGAMA PERSEKUTUAN BENTONG,https://drive.google.com/file/d/1-_R9Tx7GOaBJiCM-WZCJ2uW6jpiU3UiL/view?usp=drivesdk
PAHANG,SEKOLAH MENENGAH KEBANGSAAN PADANG TENGKU,https://drive.google.com/file/d/14zDi95dMt0XKZkPhdIcHEimkB-_ZaJy1/view?usp=drivesdk
PAHANG,SEKOLAH MENENGAH KEBANGSAAN PAYA PULAI,https://drive.google.com/file/d/1DydUZNKAheYwGWOTjlFcy4kKAwtQeCtf/view?usp=drivesdk
PAHANG,SEKOLAH MENENGAH KEBANGSAAN SERI BENTONG,https://drive.google.com/file/d/1wFT7dcIDPj4AA66yYLeMK6XC3wYpOLTW/view?usp=drivesdk
PAHANG,SEKOLAH MENENGAH KEBANGSAAN LEPAR UTARA,https://drive.google.com/file/d/1sPlQNrz3jy75beF84GO8kw73l_gNKQNp/view?usp=drivesdk
PAHANG,SEKOLAH KEBANGSAAN TUANKU FATIMAH,https://drive.google.com/file/d/1xvcr49bjXm0tRV29iFwDGWcSunz2Gqi-/view?usp=drivesdk
TERENGGANU,SEKOLAH MENENGAH KEBANGSAAN KOMPLEKS GONG BADAK,https://drive.google.com/file/d/1FJtZN8vZIU710kfDMk9yFsZJT3dN5rUu/view?usp=drivesdk
TERENGGANU,SEKOLAH MENENGAH KEBANGSAAN GELIGA,https://drive.google.com/file/d/1Meso8mIQnBYhm4BPgRI4V8E2xDrQ7VLV/view?usp=drivesdk
TERENGGANU,SEKOLAH KEBANGSAAN TELUK KETAPANG,https://drive.google.com/file/d/1ZyVpoHqzESa-QBLPkXTUiylH3uS0NyGj/view?usp=drivesdk
TERENGGANU,SEKOLAH KEBANGSAAN KELULUT,https://drive.google.com/file/d/1lOsMQQqitnQTLKkhMAewWVPVPS34JXbG/view?usp=drivesdk
TERENGGANU,SEKOLAH MENENGAH KEBANGSAAN AGAMA DURIAN GULING,https://drive.google.com/file/d/1uvKCBshkpc1rjtnr08XBWABlF_n04XnF/view?usp=drivesdk
TERENGGANU,SEKOLAH KEBANGSAAN AYER PUTEH,https://drive.google.com/file/d/162RNXIOVYNTYtahrwBYGhirXLFpkyi51/view?usp=drivesdk
TERENGGANU,SEKOLAH MENENGAH KEBANGSAAN CHUNG HWA WEI SIN,https://drive.google.com/file/d/1cQKKDAVSjj7h7hTq9MI1CLdPXKICfKgW/view?usp=drivesdk
TERENGGANU,SEKOLAH JENIS KEBANGSAAN CINA CHUNG HWA JERTEH,https://drive.google.com/file/d/1uyRhspHlvL4SzBF4V9AjyAJLZPOnYYYN/view?usp=drivesdk
SARAWAK,SEKOLAH MENENGAH KEBANGSAAN ST LUKE,https://drive.google.com/file/d/1znZdetpAxvFrtsahQJDxV7hw_8M7gylq/view?usp=drivesdk
SARAWAK,SEKOLAH MENENGAH KEBANGSAAN KIDURONG,https://drive.google.com/file/d/1lgdE2V5HNadVAkCnIE8o-ZPAwI7nvOZx/view?usp=drivesdk
SARAWAK,SEKOLAH KEBANGSAAN LUMBA KUDA,https://drive.google.com/file/d/1PYvRMs6ionLWRdMcG65hTcWPc4Or3A8C/view?usp=drivesdk
SARAWAK,SEKOLAH MENENGAH KEBANGSAAN ROSLI DHOBY,https://drive.google.com/file/d/1-EhQk9KXbxwBMR0opNCfe3HpOTjGoUNW/view?usp=drivesdk
SARAWAK,SEKOLAH MENENGAH KEBANGSAAN TIONG HIN,https://drive.google.com/file/d/1yp1obbxhobmSG8x8y1-1MambTPnbL8nZ/view?usp=drivesdk
SARAWAK,SEKOLAH MENENGAH KEBANGSAAN SG MAONG,https://drive.google.com/file/d/1TJ3zSWUwLQEtQOs65XCye_CgUgsl0WaI/view?usp=drivesdk
SARAWAK,SEKOLAH KEBANGSAAN MUNGGU LALLANG,https://drive.google.com/file/d/1-AGpDgDHzUr1ztEd9IzT5Imk1kOMDlus/view?usp=drivesdk
SARAWAK,SEKOLAH JENIS KEBANGSAAN CINA EK HUA,https://drive.google.com/file/d/14iFqxbcKKjZBFoj6awpo9D2snCS-2t0R/view?usp=drivesdk
SARAWAK,SEKOLAH KEBANGSAAN RAKYAT,https://drive.google.com/file/d/17mbJjE48idONdStk3TL30QslUpX3Togm/view?usp=drivesdk
SARAWAK,SEKOLAH MENENGAH KEBANGSAAN ENGKILILI,https://drive.google.com/file/d/1O9T5UcLEINpDsIG88ww8tB6a75S5EiIO/view?usp=drivesdk
SARAWAK,SEKOLAH MENENGAH KEBANGSAAN LINGGA,https://drive.google.com/file/d/1W4V-FxgJ5cnL-D6y6G4kZY5PuJ1SfTQ-/view?usp=drivesdk
SARAWAK,SEKOLAH JENIS KEBANGSAAN CINA CHUNG HUA BATU 45,https://drive.google.com/file/d/1K0ai2riIzCbo9PHO_Utt5YGHZaR87oj6/view?usp=drivesdk
SARAWAK,SEKOLAH JENIS KEBANGSAAN CINA CHUNG HUA SIBU,https://drive.google.com/file/d/1cONeukuNg09Txj7xfjStVJsFX6AqDvEH/view?usp=drivesdk
SARAWAK,SEKOLAH KEBANGSAAN BATU BUNGAN,https://drive.google.com/file/d/1p5hoJBNfL2rQcbpOCGxJrsiNICKtweYt/view?usp=drivesdk
SARAWAK,SEKOLAH MENENGAH KEBANGSAAN METHODIST SIBU,https://drive.google.com/file/d/12ITsktl_YMdImYssLkVhJQtnXi-dJ5j7/view?usp=drivesdk
SARAWAK,SEKOLAH KEBANGSAAN MELAYU PUSAT,https://drive.google.com/file/d/14gcJM6ke0_I2MUN4_WV-nHlT-9bFAOWR/view?usp=drivesdk
SARAWAK,SEKOLAH MENENGAH KEBANGSAAN BANDAR KUCHING NO1,https://drive.google.com/file/d/1MFxGjEmZtiYjir6IVVT9Y-KtdxCXZ1B_/view?usp=drivesdk
SARAWAK,SEKOLAH MENENGAH KEBANGSAAN TINGGI KUCHING,https://drive.google.com/file/d/1_AmUyA99ZyqsatZVbO_xZMQVUhvbaUQ0/view?usp=drivesdk
SARAWAK,SEKOLAH MENENGAH KEBANGSAAN AGAMA SIBU S,https://drive.google.com/file/d/1vRFip6yKNQgholNkAmlv9FrRVVHJRs2C/view?usp=drivesdk
SARAWAK,SEKOLAH MENENGAH KEBANGSAAN CHUNG HUA CF MIRI,https://drive.google.com/file/d/1ICaqUIT2YrCEKWKDfp60NWZGRaOyFEBU/view?usp=drivesdk
SARAWAK,SEKOLAH JENIS KEBANGSAAN CINA CHUNG HUA NO 5,https://drive.google.com/file/d/1Vn92aBjnjEk_vqPPGJE_4herUVZAc0p1/view?usp=drivesdk
SABAH,SEKOLAH MENENGAH KEBANGSAAN LIMBANAK,https://drive.google.com/file/d/1sGzSKD3QyCnjLox4jZtWAnph6uDC7abO/view?usp=drivesdk
SABAH,SEKOLAH KEBANGSAAN TOBOBON,https://drive.google.com/file/d/1ZeM8CwI3TP_R_xEBrNPqNBXxh3Omw6hc/view?usp=drivesdk
SABAH,SEKOLAH MENENGAH KEBANGSAAN SEPULOT NABAWAN,https://drive.google.com/file/d/1oOB61j09qMO5cO8fe08Iw_L3_NwCht-b/view?usp=drivesdk
SABAH,SEKOLAH MENENGAH KEBANGSAAN BUKIT GARAM,https://drive.google.com/file/d/19bOfnDKnZuc3YdjNe6zBtDMnoSfF-XH9/view?usp=drivesdk
SABAH,SEKOLAH MENENGAH KEBANGSAAN LOK YUK LIKAS,https://drive.google.com/file/d/1J_gofjsr0QwHwsvvUv37SDKyx6f6sZCP/view?usp=drivesdk
SABAH,SEKOLAH KEBANGSAAN LOK YUK LIKAS,https://drive.google.com/file/d/1Wqh_GSH8_VMjRUMNJxph0VylKWyj1kNp/view?usp=drivesdk
SABAH,SEKOLAH KEBANGSAAN CINA ANGLOCHINESE,https://drive.google.com/file/d/1bNxlHcI-Z-7EHRgo00ROdxZYZgan_LfB/view?usp=drivesdk
SABAH,MAKTAB NASIONAL,https://drive.google.com/file/d/18kvRa2f4VuW9WXi5DQw2Yg7-CEyf_fZ2/view?usp=drivesdk
SABAH,SEKOLAH MENENGAH KEBANGSAAN SANDAKAN DUA,https://drive.google.com/file/d/1Ws-Tw4clb93VADIMTZcvfyhSk43thEPV/view?usp=drivesdk
SABAH,KOLEJ VOKASIONAL LIKAS,https://drive.google.com/file/d/1kulTOZYZjdzoicWDssbvv06id4gBNB18/view?usp=drivesdk
SABAH,SEKOLAH MENENGAH KEBANGSAAN ST PATRICK,https://drive.google.com/file/d/1rcIQduEDNvPeFWD17Fnh91BTtdgziQQM/view?usp=drivesdk
SABAH,SEKOLAH JENIS KEBANGSAAN CINA ST JAMES,https://drive.google.com/file/d/1sgd7mbTb-1eED_hksG0K3ES8JwY_HK-w/view?usp=drivesdk
SABAH,SEKOLAH MENENGAH KEBANGSAAN SUNG SIEW,https://drive.google.com/file/d/1N0aHqiF-AR0RoYBiF8T2_vbiZ3U8VqHT/view?usp=drivesdk
SABAH,SEKOLAH MENENGAH KEBANGSAAN ST PATRICK MEMBAKUT,https://drive.google.com/file/d/1RPU7OntO18qRDHBV6K601_rP8gJBOvht/view?usp=drivesdk
SABAH,SEKOLAH KEBANGSAAN SUKAU,https://drive.google.com/file/d/1PafGIw_4iAbEO5V8TZHcysGwPXvQiHdV/view?usp=drivesdk
W.P. LABUAN,SEKOLAH KEBANGSAAN LAYANGLAYANGAN,https://drive.google.com/file/d/1NfBWNOClFPofuJkgvuyZwaJDt7L_77ts/view?usp=drivesdk
W.P. LABUAN,SEKOLAH MENENGAH KEBANGSAAN PANTAI,https://drive.google.com/file/d/1ZGQNxyHJlX1Pwpx62K9Ud0vokzSDxa_o/view?usp=drivesdk
W.P. LABUAN,SEKOLAH MENENGAH KEBANGSAAN MUTIARA,https://drive.google.com/file/d/1hy8o4QFGJkqp7YsbmuDpSPLDMUG4d4xY/view?usp=drivesdk
W.P. LABUAN,SEKOLAH MENENGAH KEBANGSAAN ST ANNE,https://drive.google.com/file/d/102Th4OD61GiQR2_TDSm13NGIgk6j5TBd/view?usp=drivesdk
W.P. LABUAN,SEKOLAH KEBANGSAAN BUKIT KALLAM,https://drive.google.com/file/d/1plMr_-uTlHahptdbTTPaZsqnHY45ZC_b/view?usp=drivesdk
W.P. LABUAN,SEKOLAH KEBANGSAAN TANJUNG ARU,https://drive.google.com/file/d/1yjM-2Ca2rSiliJXyUPs0UY2Pztyk8SV5/view?usp=drivesdk